asset,total_downloads
library.json,1094060
modversion.json,1069218
night_of_the_zealot.json,62453
the_drowned_city.json,37382
simplified_chinese_campaigns.json,32196
the_dunwich_legacy.json,30364
simplified_chinese_playercards.json,29755
the_path_to_carcosa.json,25227
the_feast_of_hemlock_vale.json,22572
the_innsmouth_conspiracy.json,20601
the_scarlet_keys.json,20402
the_forgotten_age.json,19804
edge_of_the_earth.json,17451
the_circle_undone.json,16409
the_dream_eaters.json,14727
return_to_notz.json,13206
brethren_of_ash.json,11789
return_to_tdl.json,10936
return_to_tptc.json,10764
return_to_tfa.json,10540
return_to_tcu.json,9053
ancient_evils_replacements.json,8270
film_fatale.json,6133
cyoa_campaign_guides.json,5196
dark_matter.json,4709
korean_campaigns.json,4605
korean_playercards.json,4414
night_of_vespers_campaign_expansion.json,4406
traditional_chinese_fan_campaigns.json,4366
murder_at_the_excelsior_hotel.json,3751
alice_in_wonderland.json,3545
curse_of_the_rougarou.json,3543
baldurs_gate_3.json,3485
midwinter_gala.json,3376
blob_that_ate_everything.json,3352
carnevale_of_horrors.json,3294
the_worlds_of_android.json,3204
core_2026_preview_cards.json,3125
when_the_world_screamed.json,2941
fortune_and_folly.json,2921
guardians_of_the_abyss.json,2878
night_of_vespers_investigator_expansion.json,2841
the_drowned_city_preview.json,2674
language_pack_korean_campaigns.json,2610
ghosts_of_onigawa_investigator_expansion.json,2608
arkham_fantasy_minicards.json,2600
cyclopean_foundations.json,2569
ages_unwound.json,2557
language_pack_korean_playercards.json,2519
call_of_the_plaguebearer.json,2432
circus_ex_mortis_campaign_expansion.json,2243
russian_playercards.json,2182
russian_campaigns.json,2177
bloodborne.json,2167
popests_borderless_vol_1.json,2116
circus_ex_mortis_investigator_expansion.json,2091
meddling_of_meowlathotep.json,2070
starters_2026_preview_cards.json,2046
ghosts_of_onigawa_campaign_expansion.json,1988
war_of_the_outer_gods.json,1940
machinations_through_time.json,1921
limbus_company.json,1845
darkham_horror.json,1742
lovecrafter_3077.json,1733
labyrinths_of_lunacy.json,1726
betrayal_at_mountains_of_madness.json,1671
kaimonogatari_investigator_expansion.json,1670
forget_me_not.json,1637
fathomless_sea.json,1635
language_pack_simplified_chinese_campaigns.json,1587
kaimonogatari_campaign_expansion.json,1449
language_pack_simplified_chinese_playercards.json,1437
zenless_zone_zero.json,1336
encounter_sets.json,1333
irregulars.json,1331
city_of_secrets.json,1322
color_out_of_oz.json,1315
souls_of_darkness.json,1262
across_the_obelisk.json,1248
the_matter_of_britain.json,1231
challenge_all_or_nothing.json,1228
sands_of_memphis_investigator_expansion.json,1228
unofficial_return_to_tic.json,1201
made_in_abyss.json,1164
challenge_by_the_book.json,1160
blood_of_drakul.json,1144
replacements.json,1141
half-life.json,1126
touhou_project.json,1111
korean_fan_campaigns.json,1105
challenge_read_or_die.json,1104
sailor_moon.json,1097
ordinary_citizens.json,1076
challenge_bad_blood.json,1058
shadows_of_arkham.json,1055
challenge_laid_to_rest.json,1020
heart_of_darkness.json,1012
pale_moonlight.json,1011
challenge_relics_of_the_past.json,1010
witcher_horror.json,1003
language_pack_simplfied_chinese_playercards.json,969
challenge_red_tide_rising.json,955
popests_animated_vol_1.json,954
rabbit_hole.json,954
language_pack_russian_campaigns.json,939
arkhams_finest.json,931
girls_frontline.json,924
german_campaigns.json,919
cpa_cards.json,908
red_coterie.json,893
gender_swapped.json,863
magical_girl.json,855
language_pack_russian_playercards.json,853
spanish_campaigns.json,848
six_of_crows_investigator_expansion.json,811
jumanji.json,797
language_pack_simplfied_chinese_campaigns.json,790
mythos_deviations.json,788
curse_of_the_dark_pharaoh_investigator_expansion.json,776
rise_rapture_rise.json,769
bloodborne_city_of_the_unseen.json,762
moonshine_misfits_investigator_expansion.json,758
mass_effect.json,757
popests_borderless_vol_3.json,754
arkham_incidents.json,748
popests_borderless_vol_2.json,748
popests_borderless_vol_4.json,746
spanish_playercards.json,744
russian_fan_campaigns.json,734
full_art_encounter_cards.json,733
aespa.json,724
against_the_wendigo.json,716
hollow_special_operations.json,716
language_pack_german_campaigns.json,706
golden_gate.json,686
approaching_storm.json,675
popests_animated_vol_2.json,669
dont_starve_investigator_expansion.json,664
german_playercards.json,650
eriks_rogues.json,629
unofficial_return_to_the_night_of_the_zealot_investigator_expansion.json,627
unofficial_return_to_tsk.json,618
buffy_investigators.json,616
legends_retold_shu_kingdom.json,614
nightmare_town.json,610
tanya_von_degurechaff.json,610
team_fortress.json,609
lola_hayes_rework.json,603
weird_west.json,602
crown_of_egil.json,592
language_pack_german_playercards.json,591
kancolle.json,590
consternation_on_the_constellation.json,589
the_putrid_testament.json,586
cartoon_funtime.json,553
duality_of_man.json,549
stargate_atlantis_investigator_expansion.json,542
battle_goes_on.json,539
symphony_of_erich_zann.json,536
into_the_shadowlands.json,532
the_worlds_of_android_investigator_expansion.json,532
challenge_enthralling_encore.json,529
hellboy.json,525
the_phantom_of_the_opera.json,519
celtic_rising.json,517
SNC.json,499
maximillion_pegasus.json,488
close_encounters.json,487
grand_oak_hotel.json,484
return_to_mystic_upgrades.json,473
the_worlds_of_android_campaign_expansion.json,464
code_red_at_bleeding_heart.json,460
sleepy_hollow.json,459
legends_retold_wu_kingdom.json,451
dont_starve_scenario.json,448
wanda_maximoff.json,448
house_of_usher.json,447
legends_retold_wei_kingdom.json,447
winter_winds.json,441
elspeth_baudin.json,427
the_living_labyrinth.json,427
poirot.json,425
return_to_consternation_on_the_constellation.json,422
return_to_the_wendigo.json,420
dota.json,414
the_woods_of_the_black_goat.json,414
the_invisible_man.json,408
and_then_there_were_none.json,407
miskatonic_mouse.json,405
tis_the_season.json,401
carnevale_of_spiders.json,395
war_of_the_worlds.json,392
captain_planet.json,385
snakes_and_ladders.json,382
artifact.json,381
transformers.json,377
valdemar.json,376
jekyll.json,374
monster_high.json,368
strawberry_shortcake.json,365
cosmic_pantheon.json,356
midwinter_gala_fashionably_late.json,354
tintin_haddock.json,343
city_of_secrets_II.json,335
fortune_or_folly.json,310
election_night.json,308
moonshine_misfits.json,291
portuguese_campaigns.json,274
clueless_cultist_coup.json,264
pokemon_eldrich_edition_campaign_expansion.json,254
portuguese_playercards.json,233
polish_campaigns.json,231
pokemon_eldritch_edition_investigator_expansion.json,229
sunnydale_distortion.json,225
devils_in_the_canyon.json,223
idol_thoughts_investigator_expansion.json,218
buffy.json,197
polish_playercards.json,186
dead_space.json,160
machining_a_mystery.json,145
language_pack_spanish_playercards.json,141
idol_thoughts_campaign_expansion.json,138
delta_green_convergence.json,127
language_pack_spanish_campaigns.json,123
the_red_room.json,121
blood_of_drakul_campaign_expansion.json,119
echoes_of_the_ancient_sands.json,119
sands_of_mephis_campaign_expansion.json,119
bad_batch.json,103
of_sphinx_and_sands.json,99
ordo_templi_orientis.json,99
sgt_frank_drebin.json,89
war_of_the_world.json,85
the_nameless_city.json,77
parallel_universe.json,57
the_undying.json,53
max_blackwood.json,36
fortune_or_folly_parallel_rex.json,32
ravenwoods.json,13
the_labyrinths_of_lunacy.json,6
the_blob_that_ate_everything.json,5
clueless_cultish_coup.json,2
city_of_secrets_I.json,2
language_pack_german.json,2
Unofficial.Return.to.Night.of.the.Zealot.Investigator.Expansion.json,0
stolen_bacillus.json,0
the_svalbard_event.json,0
the_thing_in_the_woods.json,0
